0FMte0z-repSVWSJ_BaQTg,0FVcoJko1kfZCrJRfssfIA
0FVcoJko1kfZCrJRfssfIA,1KQi8Ymatd4ySAd4fhSfaw
0FVcoJko1kfZCrJRfssfIA,2XYdguaaZ7dgi6fAlddujg
0FVcoJko1kfZCrJRfssfIA,2quguRdKBzul3GpRi9e1mA
0FVcoJko1kfZCrJRfssfIA,39FT2Ui8KUXwmUt6hnwy-g
0FVcoJko1kfZCrJRfssfIA,4PQhC-zTQ4ACEN0-r39JuQ
0FVcoJko1kfZCrJRfssfIA,4pc_EyanaC3ARh0MZZyouA
0FVcoJko1kfZCrJRfssfIA,7RCz4Ln_FaTvNrdwe251Dg
0FVcoJko1kfZCrJRfssfIA,7Vfy39A_totC-w70qZi0MA
0FVcoJko1kfZCrJRfssfIA,97j2wkFU46OOgm6ErRAb7w
0FVcoJko1kfZCrJRfssfIA,Ams0iLRd0AhZZectGKA8fw
0FVcoJko1kfZCrJRfssfIA,B0ENvYKQdNNr1Izd2r-BAA
0FVcoJko1kfZCrJRfssfIA,BDjiEmXljD2ZHT61Iv9rrQ
0FVcoJko1kfZCrJRfssfIA,CebjpVd3PsofCgotWp60pg
0FVcoJko1kfZCrJRfssfIA,DKolrsBSwMTpTJL22dqJRQ
0FVcoJko1kfZCrJRfssfIA,EiwxlbR8fb68lMgEXhcWKA
0FVcoJko1kfZCrJRfssfIA,IXD-jdycm7m34b_Nliy82g
0FVcoJko1kfZCrJRfssfIA,JLv2Dmfj73-I0d9N41tz1A
0FVcoJko1kfZCrJRfssfIA,KLB3wIYUwKDPMbijIE92vg
0FVcoJko1kfZCrJRfssfIA,KgJdBWS3ReP6TVhYWJRKmg
0FVcoJko1kfZCrJRfssfIA,KtE55izPs1ubJn3ofF2IrA
0FVcoJko1kfZCrJRfssfIA,LcCRMIDz1JgshpPGYfLDcA
0FVcoJko1kfZCrJRfssfIA,OoyQYSeYNyRVOmdO3tsxYA
0FVcoJko1kfZCrJRfssfIA,SdXxLZQQnQNUEL1rGMOQ6w
0FVcoJko1kfZCrJRfssfIA,TjsBbWAfwxWEXPxaLNv5SQ
0FVcoJko1kfZCrJRfssfIA,UAB1Zyg6Q0oEpXeYRf5K_g
0FVcoJko1kfZCrJRfssfIA,XPAJ2KHkCwBA0vafF-2Zcg
0FVcoJko1kfZCrJRfssfIA,XUEwSGOGARxW-3gPiGJKUg
0FVcoJko1kfZCrJRfssfIA,_Pn-EmWO-pFPFg81ZIEiDw
0FVcoJko1kfZCrJRfssfIA,_VTEyUzzH92X3w-IpGaXVA
0FVcoJko1kfZCrJRfssfIA,ay4M5J28kBUf0odOQct0BA
0FVcoJko1kfZCrJRfssfIA,bE7Yd0jI_P6g27MWEKKalA
0FVcoJko1kfZCrJRfssfIA,bJguBxPlnTW29tRTAF0nkQ
0FVcoJko1kfZCrJRfssfIA,bSUS0YcvS7UelmHvCzNWBA
0FVcoJko1kfZCrJRfssfIA,bbK1mL-AyYCHZncDQ_4RgA
0FVcoJko1kfZCrJRfssfIA,cm3_8c_NDhPcpwJQ96Aixw
0FVcoJko1kfZCrJRfssfIA,dTeSvET2SR5LDF_J07wJAQ
0FVcoJko1kfZCrJRfssfIA,dW6bAWM1HbPdk_cGS_a2HA
0FVcoJko1kfZCrJRfssfIA,e8uzNcSC5tQMD22GNAQEQA
0FVcoJko1kfZCrJRfssfIA,hqmnMdDS-Opjp3BfBJA8qA
0FVcoJko1kfZCrJRfssfIA,j8Dts8irvVBwEhEEae_-wA
0FVcoJko1kfZCrJRfssfIA,ma6206bmu-a_Ja7Iv-yRCw
0FVcoJko1kfZCrJRfssfIA,p9942XebvxZ9ubHm4SXmMQ
0FVcoJko1kfZCrJRfssfIA,qtOCfMTrozmUSHWIcohc6Q
0FVcoJko1kfZCrJRfssfIA,sBqCpEUn0qYdpSF4DbWlAQ
0FVcoJko1kfZCrJRfssfIA,sO6iNKgv_ToVfof-aQWgXg
0FVcoJko1kfZCrJRfssfIA,tL2pS5UOmN6aAOi3Z-qFGg
0FVcoJko1kfZCrJRfssfIA,tRZAC_H5RHrjvyvtufcNXQ
0FVcoJko1kfZCrJRfssfIA,voXU5A3FfOcXZ2VNsJ0q4w
0FVcoJko1kfZCrJRfssfIA,waN6iwcphiVEoCews4f4CA
0FVcoJko1kfZCrJRfssfIA,y6jsaAXFstAJkf53R4_y4Q
0FVcoJko1kfZCrJRfssfIA,yCaDISH0R8e5U376zDWTpQ
0FVcoJko1kfZCrJRfssfIA,zBi_JWB5uUdVuz3JLoAxGQ
0KhRPd66BZGHCtsb9mGh_g,dzJDCQ5vubQBJTfYTEmcbg
0QREkWHGO8-Z_70qx1BIWw,KHjroLTG6Ah8LyItTyB2yw
0QREkWHGO8-Z_70qx1BIWw,LcCRMIDz1JgshpPGYfLDcA
0QREkWHGO8-Z_70qx1BIWw,kKTcYPz47sCDH1_ylnE4ZQ
0QREkWHGO8-Z_70qx1BIWw,tAcY4S3vIuNlAoRlCcz5VA
0gZ8E5tBWTEtGEZDuTzhzw,A-U-K9z9oraMH7eBZW1dOA
0gZ8E5tBWTEtGEZDuTzhzw,cyuDrrG5eEK-TZI867MUPA
1KQi8Ymatd4ySAd4fhSfaw,39FT2Ui8KUXwmUt6hnwy-g
1KQi8Ymatd4ySAd4fhSfaw,bSUS0YcvS7UelmHvCzNWBA
1st2ltGKJ00ZcRsev-Ieew,DKolrsBSwMTpTJL22dqJRQ
1st2ltGKJ00ZcRsev-Ieew,HLY9oDcVBH9D25lU4X_V5Q
1st2ltGKJ00ZcRsev-Ieew,Hv_q_ZnSIoZwdcoH0CyV2Q
1st2ltGKJ00ZcRsev-Ieew,JM0GL6Dx4EuZ1mprLk5Gyg
23o7tyUGlC6FCDVcyqLeFA,ay4M5J28kBUf0odOQct0BA
23y0Nv9FFWn_3UWudpnFMA,eqWEgMH-DCP74i82BEAZzw
2GUjO7NU88cPXpoffYCU8w,6xi9tBoZ6r_v41u_XFsSnA
2GUjO7NU88cPXpoffYCU8w,XrRLaAeV20MRwdSIGjj2SQ
2GUjO7NU88cPXpoffYCU8w,a48HhwcmjFLApZhiax41IA
2XYdguaaZ7dgi6fAlddujg,bSUS0YcvS7UelmHvCzNWBA
2k8OVAPxlXHsA5X6EIoQpQ,JM0GL6Dx4EuZ1mprLk5Gyg
2quguRdKBzul3GpRi9e1mA,KtE55izPs1ubJn3ofF2IrA
2quguRdKBzul3GpRi9e1mA,LcCRMIDz1JgshpPGYfLDcA
2quguRdKBzul3GpRi9e1mA,_VTEyUzzH92X3w-IpGaXVA
2quguRdKBzul3GpRi9e1mA,bSUS0YcvS7UelmHvCzNWBA
2quguRdKBzul3GpRi9e1mA,y6jsaAXFstAJkf53R4_y4Q
2quguRdKBzul3GpRi9e1mA,zBi_JWB5uUdVuz3JLoAxGQ
2xVrxhQJUBmOyG4ML77XKw,MtdSCXtmrSxj_uZOJ5ZycQ
37HswRimgBEf7_US-c3CDA,e5kg9bLvlJz-MEUrGjIeVQ
39FT2Ui8KUXwmUt6hnwy-g,79yaBDbLASfIdB-C2c8DzA
39FT2Ui8KUXwmUt6hnwy-g,B0ENvYKQdNNr1Izd2r-BAA
39FT2Ui8KUXwmUt6hnwy-g,ChshgCKJTdIDg17JKtFuJw
39FT2Ui8KUXwmUt6hnwy-g,DKolrsBSwMTpTJL22dqJRQ
39FT2Ui8KUXwmUt6hnwy-g,JM0GL6Dx4EuZ1mprLk5Gyg
39FT2Ui8KUXwmUt6hnwy-g,KLB3wIYUwKDPMbijIE92vg
39FT2Ui8KUXwmUt6hnwy-g,OoyQYSeYNyRVOmdO3tsxYA
39FT2Ui8KUXwmUt6hnwy-g,PE8s8ACYABRNANI-T_WmzA
39FT2Ui8KUXwmUt6hnwy-g,R4l3ONHzGBakKKNo4TN9iQ
39FT2Ui8KUXwmUt6hnwy-g,Uo5dPwoDpYBzOnmUnjxJ6A
39FT2Ui8KUXwmUt6hnwy-g,_Pn-EmWO-pFPFg81ZIEiDw
39FT2Ui8KUXwmUt6hnwy-g,_VTEyUzzH92X3w-IpGaXVA
39FT2Ui8KUXwmUt6hnwy-g,ay4M5J28kBUf0odOQct0BA
39FT2Ui8KUXwmUt6hnwy-g,bHufZ2OTlC-OUxBDRXxViw
39FT2Ui8KUXwmUt6hnwy-g,bSUS0YcvS7UelmHvCzNWBA
39FT2Ui8KUXwmUt6hnwy-g,dTeSvET2SR5LDF_J07wJAQ
39FT2Ui8KUXwmUt6hnwy-g,dzJDCQ5vubQBJTfYTEmcbg
39FT2Ui8KUXwmUt6hnwy-g,mu4XvWvJOb3XpG1C_CHCWA
39FT2Ui8KUXwmUt6hnwy-g,qtOCfMTrozmUSHWIcohc6Q
39FT2Ui8KUXwmUt6hnwy-g,sdLns7062kz3Ur_b8wgeYw
39FT2Ui8KUXwmUt6hnwy-g,zBi_JWB5uUdVuz3JLoAxGQ
3Vd_ATdvvuVVgn_YCpz8fw,jSbXY_rno4hYHQCFftsWXg
453V8MlGr8y61PpsDAFjKQ,gH0dJQhyKUOVCKQA6sqAnw
46HhzhpBfTdTSB5ceTx_Og,YVQFzWm0H72mLUh-8gzd5w
4ONcRRisDZkbV1cviA7nFw,A-U-K9z9oraMH7eBZW1dOA
4ONcRRisDZkbV1cviA7nFw,cyuDrrG5eEK-TZI867MUPA
4PQhC-zTQ4ACEN0-r39JuQ,bSUS0YcvS7UelmHvCzNWBA
4ZQq0ozRs-gXSz1z55iIDw,HLY9oDcVBH9D25lU4X_V5Q
4ZQq0ozRs-gXSz1z55iIDw,Hv_q_ZnSIoZwdcoH0CyV2Q
4ZQq0ozRs-gXSz1z55iIDw,Ih85YhFRDzOnB09yS__94g
4ZQq0ozRs-gXSz1z55iIDw,Z9a1tDT8fVI75qXYwNhPpw
4ZQq0ozRs-gXSz1z55iIDw,oegRUjhGbP62M18WyAL6pQ
4pc_EyanaC3ARh0MZZyouA,DKolrsBSwMTpTJL22dqJRQ
4pc_EyanaC3ARh0MZZyouA,LcCRMIDz1JgshpPGYfLDcA
4pc_EyanaC3ARh0MZZyouA,bSUS0YcvS7UelmHvCzNWBA
4pc_EyanaC3ARh0MZZyouA,dW6bAWM1HbPdk_cGS_a2HA
4pc_EyanaC3ARh0MZZyouA,y6jsaAXFstAJkf53R4_y4Q
4pc_EyanaC3ARh0MZZyouA,zBi_JWB5uUdVuz3JLoAxGQ
5DgFmyjW6hkBtXtTMKl4tA,9S52XHEyrvOv4OZxU6pCLw
5DgFmyjW6hkBtXtTMKl4tA,JM0GL6Dx4EuZ1mprLk5Gyg
5DgFmyjW6hkBtXtTMKl4tA,MtdSCXtmrSxj_uZOJ5ZycQ
5DgFmyjW6hkBtXtTMKl4tA,ajxohdcsKhRGFlEvHZDyTw
5DgFmyjW6hkBtXtTMKl4tA,nOTl4aPC4tKHK35T3bNauQ
5fQ9P6kbQM_E0dx8DL6JWA,JM0GL6Dx4EuZ1mprLk5Gyg
5fQ9P6kbQM_E0dx8DL6JWA,dzJDCQ5vubQBJTfYTEmcbg
6YmRpoIuiq8I19Q8dHKTHw,a48HhwcmjFLApZhiax41IA
6YmRpoIuiq8I19Q8dHKTHw,angEr2YcXmCl20s8WQu32w
6YmRpoIuiq8I19Q8dHKTHw,frQs7y5qa-X1pvAM0sJe1w
6xi9tBoZ6r_v41u_XFsSnA,XrRLaAeV20MRwdSIGjj2SQ
6xi9tBoZ6r_v41u_XFsSnA,a48HhwcmjFLApZhiax41IA
750rhwO7D_Cul7_GtO9Jsg,fLnkI1uHtXEsjtF6KoBHbQ
7G8w2SnaC-qDVQ7_GqTxMg,JM0GL6Dx4EuZ1mprLk5Gyg
7G8w2SnaC-qDVQ7_GqTxMg,JqjAthJThuVYgTh4iWDZ2A
7G8w2SnaC-qDVQ7_GqTxMg,ajxohdcsKhRGFlEvHZDyTw
7RCz4Ln_FaTvNrdwe251Dg,9xM8upr_n9jchUDKxqSGHw
7RCz4Ln_FaTvNrdwe251Dg,_VTEyUzzH92X3w-IpGaXVA
7RCz4Ln_FaTvNrdwe251Dg,bE7Yd0jI_P6g27MWEKKalA
7RCz4Ln_FaTvNrdwe251Dg,bSUS0YcvS7UelmHvCzNWBA
7RCz4Ln_FaTvNrdwe251Dg,dTeSvET2SR5LDF_J07wJAQ
7RCz4Ln_FaTvNrdwe251Dg,zBi_JWB5uUdVuz3JLoAxGQ
8oYMqhC5fhqAK_yxRjE7dQ,JM0GL6Dx4EuZ1mprLk5Gyg
903YwVSoAKyzudc8LH_HMA,m1IVpXClMox1VGw5hO2LhQ
97j2wkFU46OOgm6ErRAb7w,EiwxlbR8fb68lMgEXhcWKA
98rLDXbloLXekGjieuQSlA,QYKexxaOJQlseGWmc6soRg
9S52XHEyrvOv4OZxU6pCLw,JqjAthJThuVYgTh4iWDZ2A
9S52XHEyrvOv4OZxU6pCLw,Zk95TMXDx0zMUhYq5u8pxw
9SWtEX1k9AjRg93BAzMCpg,BE4fE4R3TaVn8xy4sYYjbg
9SWtEX1k9AjRg93BAzMCpg,DgfsJqg_gozVgaeZ5vjllA
9SWtEX1k9AjRg93BAzMCpg,EI9ijI9Wh66LrVW-GmWkOg
9SWtEX1k9AjRg93BAzMCpg,FyQrUamokaPLDrBxGmzPnA
9SWtEX1k9AjRg93BAzMCpg,LKP0Yq9T7Ss6oiDZnVtQwQ
9SWtEX1k9AjRg93BAzMCpg,Nf_Jw_W_CwOz5WJ7ApSMxg
9SWtEX1k9AjRg93BAzMCpg,QvLg2kxqHHahxxOlHlEIZw
9SWtEX1k9AjRg93BAzMCpg,WXlxViTwXHPBvhioljN9PQ
9SWtEX1k9AjRg93BAzMCpg,ZXyGw3Z1DyhK1sfNtpcyYA
9SWtEX1k9AjRg93BAzMCpg,ae7zi8F0B6l_JCITh1mXDg
9SWtEX1k9AjRg93BAzMCpg,h-ajC_UHD0QAyAzySN6g2A
9SWtEX1k9AjRg93BAzMCpg,k58KNO8Rya-q8njKq8-uBQ
9SWtEX1k9AjRg93BAzMCpg,pDNeS1nbkKS7mJmhRQJPig
9SWtEX1k9AjRg93BAzMCpg,tcWnoX_IfuDmlDl6o6y3_g
9W73B44Iw8WslrTNB2CdCg,UmTMCfPlhA6kJLAsLycSfg
9W73B44Iw8WslrTNB2CdCg,Uo5dPwoDpYBzOnmUnjxJ6A
A-U-K9z9oraMH7eBZW1dOA,B7IvZ26ZUdL2jGbYsFVGxQ
A-U-K9z9oraMH7eBZW1dOA,Gua5GdTlTWJpovtG7Hdtyg
A-U-K9z9oraMH7eBZW1dOA,QvLg2kxqHHahxxOlHlEIZw
A-U-K9z9oraMH7eBZW1dOA,SVC0CajvmYfH5uAq4JnGvg
A-U-K9z9oraMH7eBZW1dOA,ZZvfGGLnAkSBSUduV7KN-w
A-U-K9z9oraMH7eBZW1dOA,cyuDrrG5eEK-TZI867MUPA
A-U-K9z9oraMH7eBZW1dOA,jnn504CkjtfbYIwBquWmBw
A-U-K9z9oraMH7eBZW1dOA,l-1cva9rA8_ugLrtSdKAqA
A-U-K9z9oraMH7eBZW1dOA,pDNeS1nbkKS7mJmhRQJPig
Ams0iLRd0AhZZectGKA8fw,JteQGisqOf_pklq7GA0Rww
B7IvZ26ZUdL2jGbYsFVGxQ,Gua5GdTlTWJpovtG7Hdtyg
B7IvZ26ZUdL2jGbYsFVGxQ,QvLg2kxqHHahxxOlHlEIZw
B7IvZ26ZUdL2jGbYsFVGxQ,cyuDrrG5eEK-TZI867MUPA
B7IvZ26ZUdL2jGbYsFVGxQ,jnn504CkjtfbYIwBquWmBw
B7IvZ26ZUdL2jGbYsFVGxQ,pDNeS1nbkKS7mJmhRQJPig
BDmxm7aeWFOLT35gSvkmig,XrRLaAeV20MRwdSIGjj2SQ
BDmxm7aeWFOLT35gSvkmig,a48HhwcmjFLApZhiax41IA
BE4fE4R3TaVn8xy4sYYjbg,DgfsJqg_gozVgaeZ5vjllA
BE4fE4R3TaVn8xy4sYYjbg,EI9ijI9Wh66LrVW-GmWkOg
BE4fE4R3TaVn8xy4sYYjbg,FyQrUamokaPLDrBxGmzPnA
BE4fE4R3TaVn8xy4sYYjbg,LKP0Yq9T7Ss6oiDZnVtQwQ
BE4fE4R3TaVn8xy4sYYjbg,Nf_Jw_W_CwOz5WJ7ApSMxg
BE4fE4R3TaVn8xy4sYYjbg,QvLg2kxqHHahxxOlHlEIZw
BE4fE4R3TaVn8xy4sYYjbg,WXlxViTwXHPBvhioljN9PQ
BE4fE4R3TaVn8xy4sYYjbg,ZXyGw3Z1DyhK1sfNtpcyYA
BE4fE4R3TaVn8xy4sYYjbg,ae7zi8F0B6l_JCITh1mXDg
BE4fE4R3TaVn8xy4sYYjbg,h-ajC_UHD0QAyAzySN6g2A
BE4fE4R3TaVn8xy4sYYjbg,k58KNO8Rya-q8njKq8-uBQ
BE4fE4R3TaVn8xy4sYYjbg,pDNeS1nbkKS7mJmhRQJPig
BE4fE4R3TaVn8xy4sYYjbg,tcWnoX_IfuDmlDl6o6y3_g
CLbpPUqP6XpeAfoqScGaJQ,tX0r-C9BaHYEolRUfufTsQ
CebjpVd3PsofCgotWp60pg,bSUS0YcvS7UelmHvCzNWBA
Cf0chERnfd06ltnN45xLNQ,CyrRjt_7iJ8_lSHeH1_TlA
Cf0chERnfd06ltnN45xLNQ,JhFK9D3LYl23Se3x4oPUxA
Cf0chERnfd06ltnN45xLNQ,ZW-XoteNlRuuK-19q1spmw
Cf0chERnfd06ltnN45xLNQ,lL-wNa0TKK6LXrlcVmjYrQ
DKolrsBSwMTpTJL22dqJRQ,JM0GL6Dx4EuZ1mprLk5Gyg
DKolrsBSwMTpTJL22dqJRQ,WoKCLSctS7G2547xKcED-Q
DKolrsBSwMTpTJL22dqJRQ,_VTEyUzzH92X3w-IpGaXVA
DKolrsBSwMTpTJL22dqJRQ,bE7Yd0jI_P6g27MWEKKalA
DKolrsBSwMTpTJL22dqJRQ,bSUS0YcvS7UelmHvCzNWBA
DKolrsBSwMTpTJL22dqJRQ,dTeSvET2SR5LDF_J07wJAQ
DKolrsBSwMTpTJL22dqJRQ,hd343st7cOIUSfAd5r0U7A
DKolrsBSwMTpTJL22dqJRQ,tL2pS5UOmN6aAOi3Z-qFGg
DPtOaWemjBPvFiZJBi0m8A,cIbbfJEGLB3B-c8Po4AL5g
DPtOaWemjBPvFiZJBi0m8A,e5kg9bLvlJz-MEUrGjIeVQ
DPtOaWemjBPvFiZJBi0m8A,tekHDsd0fskYG3tqu4sHQw
DgfsJqg_gozVgaeZ5vjllA,EI9ijI9Wh66LrVW-GmWkOg
DgfsJqg_gozVgaeZ5vjllA,FyQrUamokaPLDrBxGmzPnA
DgfsJqg_gozVgaeZ5vjllA,LKP0Yq9T7Ss6oiDZnVtQwQ
DgfsJqg_gozVgaeZ5vjllA,Nf_Jw_W_CwOz5WJ7ApSMxg
DgfsJqg_gozVgaeZ5vjllA,QvLg2kxqHHahxxOlHlEIZw
DgfsJqg_gozVgaeZ5vjllA,WXlxViTwXHPBvhioljN9PQ
DgfsJqg_gozVgaeZ5vjllA,ZXyGw3Z1DyhK1sfNtpcyYA
DgfsJqg_gozVgaeZ5vjllA,ae7zi8F0B6l_JCITh1mXDg
DgfsJqg_gozVgaeZ5vjllA,h-ajC_UHD0QAyAzySN6g2A
DgfsJqg_gozVgaeZ5vjllA,k58KNO8Rya-q8njKq8-uBQ
DgfsJqg_gozVgaeZ5vjllA,pDNeS1nbkKS7mJmhRQJPig
DgfsJqg_gozVgaeZ5vjllA,tcWnoX_IfuDmlDl6o6y3_g
DjcRgZ0cJbf6-W2TxvFlBA,fLnkI1uHtXEsjtF6KoBHbQ
DkLSyxogCcJXY5DbTZ-f2A,bSUS0YcvS7UelmHvCzNWBA
EI9ijI9Wh66LrVW-GmWkOg,FyQrUamokaPLDrBxGmzPnA
EI9ijI9Wh66LrVW-GmWkOg,LKP0Yq9T7Ss6oiDZnVtQwQ
EI9ijI9Wh66LrVW-GmWkOg,Nf_Jw_W_CwOz5WJ7ApSMxg
EI9ijI9Wh66LrVW-GmWkOg,QvLg2kxqHHahxxOlHlEIZw
EI9ijI9Wh66LrVW-GmWkOg,WXlxViTwXHPBvhioljN9PQ
EI9ijI9Wh66LrVW-GmWkOg,ZXyGw3Z1DyhK1sfNtpcyYA
EI9ijI9Wh66LrVW-GmWkOg,ae7zi8F0B6l_JCITh1mXDg
EI9ijI9Wh66LrVW-GmWkOg,h-ajC_UHD0QAyAzySN6g2A
EI9ijI9Wh66LrVW-GmWkOg,k58KNO8Rya-q8njKq8-uBQ
EI9ijI9Wh66LrVW-GmWkOg,pDNeS1nbkKS7mJmhRQJPig
EI9ijI9Wh66LrVW-GmWkOg,tcWnoX_IfuDmlDl6o6y3_g
ELfzWgdf64VBLi5z1ECItw,ay4M5J28kBUf0odOQct0BA
EY8h9IJimXDNbPXVFpYF3A,hilL60vuuh06sMxs6Ckkog
EiwxlbR8fb68lMgEXhcWKA,JteQGisqOf_pklq7GA0Rww
EiwxlbR8fb68lMgEXhcWKA,SdXxLZQQnQNUEL1rGMOQ6w
F47atsRPw-KHmRVk5exBFw,JeOHA8tW7gr-FDYOcPJoeA
FyQrUamokaPLDrBxGmzPnA,LKP0Yq9T7Ss6oiDZnVtQwQ
FyQrUamokaPLDrBxGmzPnA,Nf_Jw_W_CwOz5WJ7ApSMxg
FyQrUamokaPLDrBxGmzPnA,QvLg2kxqHHahxxOlHlEIZw
FyQrUamokaPLDrBxGmzPnA,WXlxViTwXHPBvhioljN9PQ
FyQrUamokaPLDrBxGmzPnA,ZXyGw3Z1DyhK1sfNtpcyYA
FyQrUamokaPLDrBxGmzPnA,ae7zi8F0B6l_JCITh1mXDg
FyQrUamokaPLDrBxGmzPnA,h-ajC_UHD0QAyAzySN6g2A
FyQrUamokaPLDrBxGmzPnA,k58KNO8Rya-q8njKq8-uBQ
FyQrUamokaPLDrBxGmzPnA,pDNeS1nbkKS7mJmhRQJPig
FyQrUamokaPLDrBxGmzPnA,tcWnoX_IfuDmlDl6o6y3_g
Gr-MqCunME2K_KmsAwjpTA,lJFBgSAccsMGwIjfD7LMeQ
Gua5GdTlTWJpovtG7Hdtyg,QvLg2kxqHHahxxOlHlEIZw
Gua5GdTlTWJpovtG7Hdtyg,YA-caxALI4C-eCiSM97new
Gua5GdTlTWJpovtG7Hdtyg,cyuDrrG5eEK-TZI867MUPA
Gua5GdTlTWJpovtG7Hdtyg,jnn504CkjtfbYIwBquWmBw
Gua5GdTlTWJpovtG7Hdtyg,pDNeS1nbkKS7mJmhRQJPig
H4EQn0rjFuGRgIm6c9NFLg,a48HhwcmjFLApZhiax41IA
H5Asta4LpiKmRhSjWaogIg,a48HhwcmjFLApZhiax41IA
HLY9oDcVBH9D25lU4X_V5Q,Hv_q_ZnSIoZwdcoH0CyV2Q
HLY9oDcVBH9D25lU4X_V5Q,LaiylSIbrA3aPvOYtl-J4A
HLY9oDcVBH9D25lU4X_V5Q,ZEq0WtRJD9Bl_vYgCsbfOg
HLY9oDcVBH9D25lU4X_V5Q,e0Jn0ZjqL-dWi7Brs0bbmg
HLY9oDcVBH9D25lU4X_V5Q,fOut10lknIp64tm3z6UTNg
HLY9oDcVBH9D25lU4X_V5Q,l-1cva9rA8_ugLrtSdKAqA
HLY9oDcVBH9D25lU4X_V5Q,oegRUjhGbP62M18WyAL6pQ
HLY9oDcVBH9D25lU4X_V5Q,wXdrUQg4-VkSZH1FG4Byzw
Hv_q_ZnSIoZwdcoH0CyV2Q,LaiylSIbrA3aPvOYtl-J4A
Hv_q_ZnSIoZwdcoH0CyV2Q,ZEq0WtRJD9Bl_vYgCsbfOg
Hv_q_ZnSIoZwdcoH0CyV2Q,e0Jn0ZjqL-dWi7Brs0bbmg
Hv_q_ZnSIoZwdcoH0CyV2Q,l-1cva9rA8_ugLrtSdKAqA
Hv_q_ZnSIoZwdcoH0CyV2Q,oegRUjhGbP62M18WyAL6pQ
Hv_q_ZnSIoZwdcoH0CyV2Q,wXdrUQg4-VkSZH1FG4Byzw
Ih85YhFRDzOnB09yS__94g,Z9a1tDT8fVI75qXYwNhPpw
Ih85YhFRDzOnB09yS__94g,oegRUjhGbP62M18WyAL6pQ
IuaAfrkirlfzY3f4PkgSmw,JM0GL6Dx4EuZ1mprLk5Gyg
IuaAfrkirlfzY3f4PkgSmw,Y0-lLNc2Y7gUGXPzSsMueQ
IuaAfrkirlfzY3f4PkgSmw,ZA1OT-PIZwz2kdHDA6mShw
IuaAfrkirlfzY3f4PkgSmw,tekHDsd0fskYG3tqu4sHQw
JM0GL6Dx4EuZ1mprLk5Gyg,JRqMFKGxx6DnTGZrxwQZaA
JM0GL6Dx4EuZ1mprLk5Gyg,KLB3wIYUwKDPMbijIE92vg
JM0GL6Dx4EuZ1mprLk5Gyg,MtdSCXtmrSxj_uZOJ5ZycQ
JM0GL6Dx4EuZ1mprLk5Gyg,NUtVG7jNPLJR2cxMXMH2-A
JM0GL6Dx4EuZ1mprLk5Gyg,NlNlyQynkyEU3l7TR3LXdg
JM0GL6Dx4EuZ1mprLk5Gyg,OoyQYSeYNyRVOmdO3tsxYA
JM0GL6Dx4EuZ1mprLk5Gyg,TZ974xcbw2kqjYxAhDUYVg
JM0GL6Dx4EuZ1mprLk5Gyg,UYcmGbelzRa0Q6JqzLoguw
JM0GL6Dx4EuZ1mprLk5Gyg,ZA1OT-PIZwz2kdHDA6mShw
JM0GL6Dx4EuZ1mprLk5Gyg,Zk95TMXDx0zMUhYq5u8pxw
JM0GL6Dx4EuZ1mprLk5Gyg,ajxohdcsKhRGFlEvHZDyTw
JM0GL6Dx4EuZ1mprLk5Gyg,dzJDCQ5vubQBJTfYTEmcbg
JM0GL6Dx4EuZ1mprLk5Gyg,e5kg9bLvlJz-MEUrGjIeVQ
JM0GL6Dx4EuZ1mprLk5Gyg,fLnkI1uHtXEsjtF6KoBHbQ
JM0GL6Dx4EuZ1mprLk5Gyg,hLVq7VSJBHZwqurwWoCmpg
JM0GL6Dx4EuZ1mprLk5Gyg,jcriwcTidug0fK8sgAloHA
JM0GL6Dx4EuZ1mprLk5Gyg,m1IVpXClMox1VGw5hO2LhQ
JM0GL6Dx4EuZ1mprLk5Gyg,mu4XvWvJOb3XpG1C_CHCWA
JM0GL6Dx4EuZ1mprLk5Gyg,tekHDsd0fskYG3tqu4sHQw
KBoIRjxSW7OWczv8OS9Bew,l-1cva9rA8_ugLrtSdKAqA
KHjroLTG6Ah8LyItTyB2yw,LcCRMIDz1JgshpPGYfLDcA
KHjroLTG6Ah8LyItTyB2yw,tAcY4S3vIuNlAoRlCcz5VA
KLB3wIYUwKDPMbijIE92vg,O9pMFJSPg80YVzpMfNikxw
KLB3wIYUwKDPMbijIE92vg,S9dDf0JqSMAvusp5f-9bGw
KLB3wIYUwKDPMbijIE92vg,_Pn-EmWO-pFPFg81ZIEiDw
KLB3wIYUwKDPMbijIE92vg,_VTEyUzzH92X3w-IpGaXVA
KLB3wIYUwKDPMbijIE92vg,bSUS0YcvS7UelmHvCzNWBA
KLB3wIYUwKDPMbijIE92vg,hilL60vuuh06sMxs6Ckkog
KLB3wIYUwKDPMbijIE92vg,kwIhn1_cnQeUaLN0CuWWHw
KLB3wIYUwKDPMbijIE92vg,mnoe2vwouRADn97dTDkw4A
KLB3wIYUwKDPMbijIE92vg,y6jsaAXFstAJkf53R4_y4Q
KLB3wIYUwKDPMbijIE92vg,zBi_JWB5uUdVuz3JLoAxGQ
KtE55izPs1ubJn3ofF2IrA,_VTEyUzzH92X3w-IpGaXVA
KtE55izPs1ubJn3ofF2IrA,bE7Yd0jI_P6g27MWEKKalA
KtE55izPs1ubJn3ofF2IrA,bSUS0YcvS7UelmHvCzNWBA
LKP0Yq9T7Ss6oiDZnVtQwQ,Nf_Jw_W_CwOz5WJ7ApSMxg
LKP0Yq9T7Ss6oiDZnVtQwQ,QvLg2kxqHHahxxOlHlEIZw
LKP0Yq9T7Ss6oiDZnVtQwQ,WXlxViTwXHPBvhioljN9PQ
LKP0Yq9T7Ss6oiDZnVtQwQ,ZXyGw3Z1DyhK1sfNtpcyYA
LKP0Yq9T7Ss6oiDZnVtQwQ,ae7zi8F0B6l_JCITh1mXDg
LKP0Yq9T7Ss6oiDZnVtQwQ,h-ajC_UHD0QAyAzySN6g2A
LKP0Yq9T7Ss6oiDZnVtQwQ,k58KNO8Rya-q8njKq8-uBQ
LKP0Yq9T7Ss6oiDZnVtQwQ,pDNeS1nbkKS7mJmhRQJPig
LKP0Yq9T7Ss6oiDZnVtQwQ,tcWnoX_IfuDmlDl6o6y3_g
LaiylSIbrA3aPvOYtl-J4A,ZEq0WtRJD9Bl_vYgCsbfOg
LcCRMIDz1JgshpPGYfLDcA,_VTEyUzzH92X3w-IpGaXVA
LcCRMIDz1JgshpPGYfLDcA,tAcY4S3vIuNlAoRlCcz5VA
LcCRMIDz1JgshpPGYfLDcA,y6jsaAXFstAJkf53R4_y4Q
LcCRMIDz1JgshpPGYfLDcA,zBi_JWB5uUdVuz3JLoAxGQ
LgFDWZTLi1w9OGi5BtKORg,cyuDrrG5eEK-TZI867MUPA
LiNx18WUre9WFCEQlUhtKA,hilL60vuuh06sMxs6Ckkog
MJ0Wphhko2-LbJ0uZ5XyQA,QYKexxaOJQlseGWmc6soRg
MrsRJa4SWLq8XLU1RtPdlw,e5kg9bLvlJz-MEUrGjIeVQ
MrsRJa4SWLq8XLU1RtPdlw,tekHDsd0fskYG3tqu4sHQw
MtdSCXtmrSxj_uZOJ5ZycQ,SsOiVav4V5_NjTl21Lj92w
MtdSCXtmrSxj_uZOJ5ZycQ,UwV6jBuTR1S9acT6bPTBPw
MtdSCXtmrSxj_uZOJ5ZycQ,ZA1OT-PIZwz2kdHDA6mShw
MtdSCXtmrSxj_uZOJ5ZycQ,ay4M5J28kBUf0odOQct0BA
MtdSCXtmrSxj_uZOJ5ZycQ,e5kg9bLvlJz-MEUrGjIeVQ
MtdSCXtmrSxj_uZOJ5ZycQ,fLnkI1uHtXEsjtF6KoBHbQ
MtdSCXtmrSxj_uZOJ5ZycQ,jcriwcTidug0fK8sgAloHA
MtdSCXtmrSxj_uZOJ5ZycQ,kwIhn1_cnQeUaLN0CuWWHw
MtdSCXtmrSxj_uZOJ5ZycQ,tekHDsd0fskYG3tqu4sHQw
MwpK7PqQX7fgTFM2Pfy61w,fLnkI1uHtXEsjtF6KoBHbQ
NUtVG7jNPLJR2cxMXMH2-A,ajxohdcsKhRGFlEvHZDyTw
Nf_Jw_W_CwOz5WJ7ApSMxg,QvLg2kxqHHahxxOlHlEIZw
Nf_Jw_W_CwOz5WJ7ApSMxg,WXlxViTwXHPBvhioljN9PQ
Nf_Jw_W_CwOz5WJ7ApSMxg,ZXyGw3Z1DyhK1sfNtpcyYA
Nf_Jw_W_CwOz5WJ7ApSMxg,ae7zi8F0B6l_JCITh1mXDg
Nf_Jw_W_CwOz5WJ7ApSMxg,h-ajC_UHD0QAyAzySN6g2A
Nf_Jw_W_CwOz5WJ7ApSMxg,k58KNO8Rya-q8njKq8-uBQ
Nf_Jw_W_CwOz5WJ7ApSMxg,pDNeS1nbkKS7mJmhRQJPig
Nf_Jw_W_CwOz5WJ7ApSMxg,tcWnoX_IfuDmlDl6o6y3_g
ORJnGXXkS9tQBTNyPQJF9A,cyuDrrG5eEK-TZI867MUPA
PKEzKWv_FktMm2mGPjwd0Q,tekHDsd0fskYG3tqu4sHQw
QRsuZ_LqrRU65dTs5CL4Lw,_6Zg4ukwS0kst9UtkfVw3w
QUYbGl1DL-9faG150MQ7zA,QvLg2kxqHHahxxOlHlEIZw
QUYbGl1DL-9faG150MQ7zA,pDNeS1nbkKS7mJmhRQJPig
QvLg2kxqHHahxxOlHlEIZw,WXlxViTwXHPBvhioljN9PQ
QvLg2kxqHHahxxOlHlEIZw,YA-caxALI4C-eCiSM97new
QvLg2kxqHHahxxOlHlEIZw,ZXyGw3Z1DyhK1sfNtpcyYA
QvLg2kxqHHahxxOlHlEIZw,ae7zi8F0B6l_JCITh1mXDg
QvLg2kxqHHahxxOlHlEIZw,cyuDrrG5eEK-TZI867MUPA
QvLg2kxqHHahxxOlHlEIZw,h-ajC_UHD0QAyAzySN6g2A
QvLg2kxqHHahxxOlHlEIZw,jnn504CkjtfbYIwBquWmBw
QvLg2kxqHHahxxOlHlEIZw,k58KNO8Rya-q8njKq8-uBQ
QvLg2kxqHHahxxOlHlEIZw,o-t-i7nbT5N_cmkCXs5oDQ
QvLg2kxqHHahxxOlHlEIZw,pDNeS1nbkKS7mJmhRQJPig
QvLg2kxqHHahxxOlHlEIZw,tcWnoX_IfuDmlDl6o6y3_g
R4l3ONHzGBakKKNo4TN9iQ,bSUS0YcvS7UelmHvCzNWBA
S1cjSFKcS5NVc3o1MkfpwA,jnn504CkjtfbYIwBquWmBw
S1cjSFKcS5NVc3o1MkfpwA,mm9WYrFhiNqvHCyhQKw3Mg
S1cjSFKcS5NVc3o1MkfpwA,pDNeS1nbkKS7mJmhRQJPig
S9dDf0JqSMAvusp5f-9bGw,_VTEyUzzH92X3w-IpGaXVA
SVC0CajvmYfH5uAq4JnGvg,ZZvfGGLnAkSBSUduV7KN-w
SVC0CajvmYfH5uAq4JnGvg,cyuDrrG5eEK-TZI867MUPA
SVC0CajvmYfH5uAq4JnGvg,l-1cva9rA8_ugLrtSdKAqA
SX_SMrddkDU5dySbsZMu9A,cyuDrrG5eEK-TZI867MUPA
SX_SMrddkDU5dySbsZMu9A,pDNeS1nbkKS7mJmhRQJPig
Si3aMsOVGSVlsc54iuiPwA,d5WLqmTMvmL7-RmUDVKqqQ
T88y73qdOSutuvzLlhWtqQ,bSUS0YcvS7UelmHvCzNWBA
Tk_FWXueutKii3f9yJFsdw,bE7Yd0jI_P6g27MWEKKalA
UmTMCfPlhA6kJLAsLycSfg,Uo5dPwoDpYBzOnmUnjxJ6A
UwV6jBuTR1S9acT6bPTBPw,e5kg9bLvlJz-MEUrGjIeVQ
VdoTNYWuoXo01umgannw8A,e5kg9bLvlJz-MEUrGjIeVQ
WXlxViTwXHPBvhioljN9PQ,ZXyGw3Z1DyhK1sfNtpcyYA
WXlxViTwXHPBvhioljN9PQ,ae7zi8F0B6l_JCITh1mXDg
WXlxViTwXHPBvhioljN9PQ,h-ajC_UHD0QAyAzySN6g2A
WXlxViTwXHPBvhioljN9PQ,k58KNO8Rya-q8njKq8-uBQ
WXlxViTwXHPBvhioljN9PQ,pDNeS1nbkKS7mJmhRQJPig
WXlxViTwXHPBvhioljN9PQ,tcWnoX_IfuDmlDl6o6y3_g
WaAOt_eG0_-yLpG3fI--3g,e5kg9bLvlJz-MEUrGjIeVQ
WoKCLSctS7G2547xKcED-Q,_VTEyUzzH92X3w-IpGaXVA
WoKCLSctS7G2547xKcED-Q,bE7Yd0jI_P6g27MWEKKalA
WoKCLSctS7G2547xKcED-Q,bSUS0YcvS7UelmHvCzNWBA
XEqQG61fetXhuEV9RPslIA,hLVq7VSJBHZwqurwWoCmpg
XPAJ2KHkCwBA0vafF-2Zcg,_VTEyUzzH92X3w-IpGaXVA
XrRLaAeV20MRwdSIGjj2SQ,a48HhwcmjFLApZhiax41IA
YA-caxALI4C-eCiSM97new,cyuDrrG5eEK-TZI867MUPA
YA-caxALI4C-eCiSM97new,pDNeS1nbkKS7mJmhRQJPig
Z9a1tDT8fVI75qXYwNhPpw,oegRUjhGbP62M18WyAL6pQ
ZXyGw3Z1DyhK1sfNtpcyYA,ae7zi8F0B6l_JCITh1mXDg
ZXyGw3Z1DyhK1sfNtpcyYA,h-ajC_UHD0QAyAzySN6g2A
ZXyGw3Z1DyhK1sfNtpcyYA,k58KNO8Rya-q8njKq8-uBQ
ZXyGw3Z1DyhK1sfNtpcyYA,pDNeS1nbkKS7mJmhRQJPig
ZXyGw3Z1DyhK1sfNtpcyYA,tcWnoX_IfuDmlDl6o6y3_g
ZZvfGGLnAkSBSUduV7KN-w,cyuDrrG5eEK-TZI867MUPA
ZZvfGGLnAkSBSUduV7KN-w,l-1cva9rA8_ugLrtSdKAqA
_6Zg4ukwS0kst9UtkfVw3w,lJFBgSAccsMGwIjfD7LMeQ
_Pn-EmWO-pFPFg81ZIEiDw,_VTEyUzzH92X3w-IpGaXVA
_Pn-EmWO-pFPFg81ZIEiDw,ay4M5J28kBUf0odOQct0BA
_Pn-EmWO-pFPFg81ZIEiDw,bE7Yd0jI_P6g27MWEKKalA
_Pn-EmWO-pFPFg81ZIEiDw,bSUS0YcvS7UelmHvCzNWBA
_Pn-EmWO-pFPFg81ZIEiDw,y6jsaAXFstAJkf53R4_y4Q
_VTEyUzzH92X3w-IpGaXVA,ay4M5J28kBUf0odOQct0BA
_VTEyUzzH92X3w-IpGaXVA,bE7Yd0jI_P6g27MWEKKalA
_VTEyUzzH92X3w-IpGaXVA,bHufZ2OTlC-OUxBDRXxViw
_VTEyUzzH92X3w-IpGaXVA,bJguBxPlnTW29tRTAF0nkQ
_VTEyUzzH92X3w-IpGaXVA,bSUS0YcvS7UelmHvCzNWBA
_VTEyUzzH92X3w-IpGaXVA,cm3_8c_NDhPcpwJQ96Aixw
_VTEyUzzH92X3w-IpGaXVA,dTeSvET2SR5LDF_J07wJAQ
_VTEyUzzH92X3w-IpGaXVA,dW6bAWM1HbPdk_cGS_a2HA
_VTEyUzzH92X3w-IpGaXVA,jPcrABeWgWlTPi-E0Op_aA
_VTEyUzzH92X3w-IpGaXVA,qtOCfMTrozmUSHWIcohc6Q
_VTEyUzzH92X3w-IpGaXVA,sBqCpEUn0qYdpSF4DbWlAQ
_VTEyUzzH92X3w-IpGaXVA,tL2pS5UOmN6aAOi3Z-qFGg
_VTEyUzzH92X3w-IpGaXVA,y6jsaAXFstAJkf53R4_y4Q
_VTEyUzzH92X3w-IpGaXVA,zBi_JWB5uUdVuz3JLoAxGQ
_m1ot2zZetDgjerAD2Sidg,vENR70IrUsDNTDebbuxyQA
a48HhwcmjFLApZhiax41IA,angEr2YcXmCl20s8WQu32w
a48HhwcmjFLApZhiax41IA,e5sdXDOkCf0sIUAivXVluA
a48HhwcmjFLApZhiax41IA,frQs7y5qa-X1pvAM0sJe1w
a48HhwcmjFLApZhiax41IA,o-t-i7nbT5N_cmkCXs5oDQ
ae7zi8F0B6l_JCITh1mXDg,h-ajC_UHD0QAyAzySN6g2A
ae7zi8F0B6l_JCITh1mXDg,k58KNO8Rya-q8njKq8-uBQ
ae7zi8F0B6l_JCITh1mXDg,pDNeS1nbkKS7mJmhRQJPig
ae7zi8F0B6l_JCITh1mXDg,tcWnoX_IfuDmlDl6o6y3_g
angEr2YcXmCl20s8WQu32w,frQs7y5qa-X1pvAM0sJe1w
ay4M5J28kBUf0odOQct0BA,bE7Yd0jI_P6g27MWEKKalA
ay4M5J28kBUf0odOQct0BA,bSUS0YcvS7UelmHvCzNWBA
ay4M5J28kBUf0odOQct0BA,dTeSvET2SR5LDF_J07wJAQ
ay4M5J28kBUf0odOQct0BA,kwIhn1_cnQeUaLN0CuWWHw
ay4M5J28kBUf0odOQct0BA,y6jsaAXFstAJkf53R4_y4Q
ay4M5J28kBUf0odOQct0BA,zBi_JWB5uUdVuz3JLoAxGQ
bE7Yd0jI_P6g27MWEKKalA,bSUS0YcvS7UelmHvCzNWBA
bE7Yd0jI_P6g27MWEKKalA,dTeSvET2SR5LDF_J07wJAQ
bE7Yd0jI_P6g27MWEKKalA,dW6bAWM1HbPdk_cGS_a2HA
bE7Yd0jI_P6g27MWEKKalA,hqmnMdDS-Opjp3BfBJA8qA
bE7Yd0jI_P6g27MWEKKalA,sBqCpEUn0qYdpSF4DbWlAQ
bE7Yd0jI_P6g27MWEKKalA,tL2pS5UOmN6aAOi3Z-qFGg
bE7Yd0jI_P6g27MWEKKalA,y6jsaAXFstAJkf53R4_y4Q
bE7Yd0jI_P6g27MWEKKalA,zBi_JWB5uUdVuz3JLoAxGQ
bHufZ2OTlC-OUxBDRXxViw,bSUS0YcvS7UelmHvCzNWBA
bJguBxPlnTW29tRTAF0nkQ,bSUS0YcvS7UelmHvCzNWBA
bSUS0YcvS7UelmHvCzNWBA,dTeSvET2SR5LDF_J07wJAQ
bSUS0YcvS7UelmHvCzNWBA,dW6bAWM1HbPdk_cGS_a2HA
bSUS0YcvS7UelmHvCzNWBA,hqmnMdDS-Opjp3BfBJA8qA
bSUS0YcvS7UelmHvCzNWBA,qtOCfMTrozmUSHWIcohc6Q
bSUS0YcvS7UelmHvCzNWBA,sBqCpEUn0qYdpSF4DbWlAQ
bSUS0YcvS7UelmHvCzNWBA,tL2pS5UOmN6aAOi3Z-qFGg
bSUS0YcvS7UelmHvCzNWBA,tRZAC_H5RHrjvyvtufcNXQ
bSUS0YcvS7UelmHvCzNWBA,y6jsaAXFstAJkf53R4_y4Q
bSUS0YcvS7UelmHvCzNWBA,zBi_JWB5uUdVuz3JLoAxGQ
cIbbfJEGLB3B-c8Po4AL5g,e5kg9bLvlJz-MEUrGjIeVQ
cm3_8c_NDhPcpwJQ96Aixw,zBi_JWB5uUdVuz3JLoAxGQ
cyuDrrG5eEK-TZI867MUPA,jnn504CkjtfbYIwBquWmBw
cyuDrrG5eEK-TZI867MUPA,l-1cva9rA8_ugLrtSdKAqA
cyuDrrG5eEK-TZI867MUPA,o-t-i7nbT5N_cmkCXs5oDQ
cyuDrrG5eEK-TZI867MUPA,pDNeS1nbkKS7mJmhRQJPig
dTeSvET2SR5LDF_J07wJAQ,dW6bAWM1HbPdk_cGS_a2HA
dTeSvET2SR5LDF_J07wJAQ,sBqCpEUn0qYdpSF4DbWlAQ
dTeSvET2SR5LDF_J07wJAQ,y6jsaAXFstAJkf53R4_y4Q
dTeSvET2SR5LDF_J07wJAQ,zBi_JWB5uUdVuz3JLoAxGQ
dW6bAWM1HbPdk_cGS_a2HA,zBi_JWB5uUdVuz3JLoAxGQ
drTMOo4p8nL0pnMNEyat2A,tX0r-C9BaHYEolRUfufTsQ
e5kg9bLvlJz-MEUrGjIeVQ,fcWM-oqjgS94yi1INhZa0g
e5kg9bLvlJz-MEUrGjIeVQ,m1IVpXClMox1VGw5hO2LhQ
e5kg9bLvlJz-MEUrGjIeVQ,tekHDsd0fskYG3tqu4sHQw
e8uzNcSC5tQMD22GNAQEQA,zBi_JWB5uUdVuz3JLoAxGQ
gUu0uaiU7UEUVIgCdnqPVQ,jJDUCuPwVqwjbth3s92whA
h-ajC_UHD0QAyAzySN6g2A,k58KNO8Rya-q8njKq8-uBQ
h-ajC_UHD0QAyAzySN6g2A,pDNeS1nbkKS7mJmhRQJPig
h-ajC_UHD0QAyAzySN6g2A,tcWnoX_IfuDmlDl6o6y3_g
hilL60vuuh06sMxs6Ckkog,kwIhn1_cnQeUaLN0CuWWHw
jgoG_hHqnhZvQEoBK0-82w,kwIhn1_cnQeUaLN0CuWWHw
jnn504CkjtfbYIwBquWmBw,mm9WYrFhiNqvHCyhQKw3Mg
jnn504CkjtfbYIwBquWmBw,pDNeS1nbkKS7mJmhRQJPig
k24kSTpZHUdEd-QYXLy3fQ,pDNeS1nbkKS7mJmhRQJPig
k58KNO8Rya-q8njKq8-uBQ,pDNeS1nbkKS7mJmhRQJPig
k58KNO8Rya-q8njKq8-uBQ,tcWnoX_IfuDmlDl6o6y3_g
kwIhn1_cnQeUaLN0CuWWHw,qd16czwFUVHICKF7A4qWsQ
m1IVpXClMox1VGw5hO2LhQ,tekHDsd0fskYG3tqu4sHQw
mm9WYrFhiNqvHCyhQKw3Mg,pDNeS1nbkKS7mJmhRQJPig
o-t-i7nbT5N_cmkCXs5oDQ,pDNeS1nbkKS7mJmhRQJPig
oegRUjhGbP62M18WyAL6pQ,wXdrUQg4-VkSZH1FG4Byzw
pDNeS1nbkKS7mJmhRQJPig,tcWnoX_IfuDmlDl6o6y3_g
tRZAC_H5RHrjvyvtufcNXQ,zBi_JWB5uUdVuz3JLoAxGQ
tX0r-C9BaHYEolRUfufTsQ,xhlcoVm3FOKcxZ0phkdO6Q
tekHDsd0fskYG3tqu4sHQw,xrvyW1ruKS0uz9RtFewC0Q
y6jsaAXFstAJkf53R4_y4Q,zBi_JWB5uUdVuz3JLoAxGQ
